{"cameraMode":{"drawMode":0,"name":"Shaded","section":"Shading Mode"},"sceneLighting":false,"audioPlay":false,"sceneViewState":{"m_AlwaysRefresh":false,"showFog":true,"showSkybox":false,"showFlares":true,"showImageEffects":true,"showParticleSystems":true,"showVisualEffectGraphs":true,"m_FxEnabled":true},"in2DMode":false,"pivot":{"x":45.253440856933597,"y":3.4419498443603517,"z":-46.516326904296878},"rotation":{"x":-0.016583330929279329,"y":-0.9803488850593567,"z":0.17263591289520265,"w":-0.09411352127790451},"size":8.814068794250489,"orthographic":false}